idx,original,prompt
0,fa5bf9bb0e5f6d6c86061c6b244070f9.mid,0-prompt.mid
1,f59adee21123284d4ce209f911ab3079.mid,1-prompt.mid
2,f2a92d75fa694bc643274861a2af6937.mid,2-prompt.mid
3,f1c77b41850db607c339d55d5d4e2e77.mid,3-prompt.mid
4,f62db6f4fca67c316369b173ad41f526.mid,4-prompt.mid
5,fe35ff34f35dff46f95417b6f42f3b7d.mid,5-prompt.mid
6,f7c60268c02f9f5f817860b33a090c1a.mid,6-prompt.mid
7,f65d06136d9811b249dec3e0081d78e1.mid,7-prompt.mid
8,f6fe3958d40b0747d3466bde0fff7bd0.mid,8-prompt.mid
9,f6c71b3dc84983c676e70a230b2bbf74.mid,9-prompt.mid
10,f126240240e7da5c4cb72600c2e058b8.mid,10-prompt.mid
11,fe4de73d77452e91267e73e48f80c264.mid,11-prompt.mid
12,ffb94da064b417f253998dffce83e69a.mid,12-prompt.mid
13,f1ae4caac271d445d9d1690f3c26add2.mid,13-prompt.mid
14,face6dfdca0b141bc7880ee706106f77.mid,14-prompt.mid
15,fdcbe4ab46f6568078044cbe6128db36.mid,15-prompt.mid
16,f8afe8e2134513d6fa5a8cc6d90a80e4.mid,16-prompt.mid
17,f512e415d9137960e37a7c1de202f9ff.mid,17-prompt.mid
18,f80d8d275a902559ffd9648d4062b49f.mid,18-prompt.mid
19,f9e70f51897e709e5eff2b67072d6f0d.mid,19-prompt.mid
20,f269b4f4a9936d7cd9f93581c63ba640.mid,20-prompt.mid
21,faa4e6c7061f69eb4a7f1a9dc2af3461.mid,21-prompt.mid
22,fac84dab3d9e32a3db207dc0fd7d8562.mid,22-prompt.mid
23,f6377fba649ea142c1c22ac90a360eeb.mid,23-prompt.mid
24,f48a8ae0c4b685b645bda043011817fe.mid,24-prompt.mid
25,f2cc85f59703cb57223817740178ada7.mid,25-prompt.mid
26,f454be8f9aedb4f2f639cb0fedeafc39.mid,26-prompt.mid
27,f6328cf8e50ef31155a1d1881eca0c70.mid,27-prompt.mid
28,fe125af329965d7001fee3b3678872c5.mid,28-prompt.mid
29,f70c974d56ce16b3457051fc9e5025ca.mid,29-prompt.mid
30,f001522e9099bf80c4bbfe86b71a4563.mid,30-prompt.mid
31,f5dddedd17f57a01f00b8c35dbe650fc.mid,31-prompt.mid
32,fb71b67f9edb6069c8e09b1c5bf2d0dc.mid,32-prompt.mid
33,fd6b47dde360cc3a65a63f03175b29c7.mid,33-prompt.mid
34,f9db56f200c375f90a5a891103bfee12.mid,34-prompt.mid
35,f5debf6d80784905934abf8a1d5ba92c.mid,35-prompt.mid
36,fee1e909bdb8fa41c40ad8fc9da6009f.mid,36-prompt.mid
37,f78d7d57dffe109f0b64a83c4b1d9fd1.mid,37-prompt.mid
38,f6e218a5a8b6c56d83076d58ebbfabd5.mid,38-prompt.mid
39,ff78e75b6870c743fbf5f897b14bf6a8.mid,39-prompt.mid
40,fc6c8372ccaae323510b9e288e2e6bb9.mid,40-prompt.mid
41,f4e58a69a53d262823c53903108c8cbd.mid,41-prompt.mid
42,f8d2a2d5574247978096c36ec87fbcd7.mid,42-prompt.mid
43,f85a225a881d7e97643c2dc4e3a8fe9a.mid,43-prompt.mid
44,fd7b48a0bcaaf5f7700f54266aa089f4.mid,44-prompt.mid
45,fa9b5e5d9dfd6c2cd6ddb13c0ade0a38.mid,45-prompt.mid
46,f8ab466d8b4d77518d4be629b0c06f62.mid,46-prompt.mid
47,f9304b3dce4a9301dd1f8fd501730bc9.mid,47-prompt.mid
48,f630b053be03be5c42832a0121d2861d.mid,48-prompt.mid
49,f8a9f76c6dbe6a693789bf79d8b58dc2.mid,49-prompt.mid
